'46162',
'51054',
'56560',
'68396',
'59085',
'66239',
'51204',
'47630',
'48328',
'51758',
'40275',
'29600',
'59273',
'42159',
'24809',
'56867',
'32331',
'15002',
'51680',
'3703',
'50264',
'51809',
'41873',
'32971',
'13633',
'37955',
'19193',
'48994',
'48643',
'69371',
'30099',
'59673',
'29841',
'40963',
'68769',
'34120',
'48228',
'69378',
'31595',
'20258',
'51773',
'7528',
'66352',
'48621',
'14169',
'59477',
'50519',
'41586',
'47241',
'35912',
'50512',
'45370',
'30035',
'68154',
'13946',
'57868',
'13882',
'59086',
'69361',
'47685',
'69355',
'29825',
'34873',
'51677',
'13874',
'34270',
'29415',
'46079',
'44957',
'47111',
'10209',
'51815',
'52043',
'44354',
'66330',
'48021',
'67374',
'45802',
'14780',
'58960',
'48514',
'12509',
'58848',
'43905',
'58105',
'68400',
'52047',
'58598',
'29288',
'59175',
'40397',
'44633',
'58976',
'46992',
'33947',
'49717',
'59670',
'13540',
'13786',
'66363',
'47332',
'41394',
'69377',
'13848',
'13047',
'13758',
'13616',
'11943',
'41333',
'41265',
'15020',
'48301',
'65674',
'48983',
'47684',
'48371',
'29947',
'47278',
'49718',
'45900',
'13823',
'69363',
'41268',
'24713',
'32505',
'58957',
'69357',
'17885',
'19249',
'51806',
'59803',
'44637',
'57589',
'69360',
'13731',
'69140',
'69353',
'7393',
'69364',
'31527',
'51055',
'14999',
'56901',
'69368',
'43028',
'51796',
'30167',
'29662',
'56657',
'17589',
'45573',
'51160',
'58964',
'29282',
'69375',
'13787',
'47335',
'45572',
'49722',
'51812',
'13634',
'48119',
'13541',
'51221',
'58965',
'49391',
'29659',
'56900',
'14975',
'58959',
'58824',
'47704',
'50517',
'29699',
'30168',
'69367',
'69351',
'1413',
'14084',
'52098',
'50670',
'48458',
'15009',
'13759',
'50572',
'47554',
'58113',
'58301',
'68403',
'13761',
'51801',
'41264',
'30173',
'13802',
'12123',
'69374',
'40966',
'17352',
'28951',
'69965',
'69365',
'48377',
'50515',
'17445',
'13694',
'13760',
'51794',
'29567',
'45742',
'40863',
'51798',
'29598',
'14986',
'14993',
'13690',
'58980',
'14981',
'67028',
'15035',
'51682',
'19295',
'14980',
'32065',
'56906',
'51322',
'14613',
'40750',
'48136',
'25036',
'49719',
'42680',
'58968',
'69961',
'68024',
'41635',
'40187',
'48737',
'29637',
'42981',
'69101',
'51350',
'17405',
'45898',
'40753',
'14666',
'59669',
'69352',
'15025',
'29283',
'58922',
'59079',
'31411',
'46580',
'69380',
'19360',
'46552',
'58818',
'58819',
'59671',
'32813',
'48327',
'32325',
'14768',
'51439',
'35494',
'44631',
'43379',
'40001',
'37942',
'42997',
'66891',
'67910',
'15356',
'14670',
'38196',
'57013',
'58652',
'19478',
'47817',
'12125',
'51759',
'48003',
'48004',
'51166',
'33633',
'51082',
'33759',
'40398',
'28890',
'41317',
'48385',
'51438',
'44960',
'68431',
'20319',
'58920',
'33768',
'58927',
'67515',
'48117',
'58500',
'48380',
'51797',
'51799',
'69373',
'59298',
'59043',
'45217',
'36771',
'55782',
'51313',
'58909',
'44959',
'46656',
'45315',
'47815',
'65711',
'19421',
'39785',
'59605',
'49720',
'51138',
'51311',
'67737',
'58931',
'39121',
'29279',
'58962',
'58963',
'51805',
'29664',
'65672',
'48424',
'17564',
'47444',
'12097',
'48342',
'49730',
'32972',
'38658',
'46630',
'69562',
'57608',
'59305',
'51222',
'16625',
'51674',
'51081',
'58969',
'15862',
'51337',
'41341',
'45400',
'51312',
'59078',
'46982',
'29284',
'32586',
'33788',
'51761',
'41471',
'34072',
'66710',
'44415',
'51774',
'41192',
'51168',
'41339',
'36982',
'68155',
'44176',
'45270',
'46555',
'58679',
'14199',
'40870',
'29865',
'13618',
'15011',
'69376',
'49721',
'69359',
'13875',
'17324',
'43380',
'48441',
'30104',
'58925',
'35563',
'66751',
'51817',
'51197',
'40396',
'33160',
'15192',
'12286',
'29287',
'29824',
'14668',
'12120',
'50920',
'69354',
'48860',
'39122',
'15292',
'69362',
'69372',
'18029',
'57872',
'66367',
'14987',
'17531',
'51317',
'32296',
'3626',
'45357',
'50574',
'34524',
'34868',
'48330',
'48343',
'11460',
'41282',
'59171',
'40255',
'43135',
'58749',
'13847',
'19042',
'56658',
'48337',
'68019',
'29599',
'14110',
'14765',
'51192',
'51190',
'40616',
'17801',
'34073',
'4508',
'48298',
'19379',
'51767',
'59047',
'45601',
'49606',
'59761',
'51447',
'56578',
'25159',
'41280',
'48439',
'59486',
'68271',
'13682',
'40705',
'45905',
'44128',
'51193',
'52050',
'59283',
'51762',
'50408',
'35497',
'45627',
'38266',
'51077',
'58981',
'48016',
'37784',
'58979',
'59282',
'51816',
'42702',
'52044',
'30101',
'45953',
'51349',
'46864',
'40860',
'51075',
'48336',
'58930',
'17435',
'58921',
'29849',
'16464',
'58975',
'46604',
'36138',
'59672',
'41005',
'45749',
'48644',
'15010',
'39138',
'57674',
'66213',
'70416',
'65675',
'47211',
'59089',
'3609',
'29285',
'59054',
'37954',
'45077',
'32015',
'51060',
'56356',
'28891',
'50571',
'17401',
'32601',
'30105',
'14990',
'49723',
'51084',
'39177',
'51760',
'51775',
'59279',
'43800',
'58977',
'39049',
'44954',
'52012',
'51165',
'50511',
'46294',
'47762',
'59271',
'56407',
'51199',
'29700',
'31911',
'34471',
'32944',
'29100',
'48308',
'40323',
'15017',
'51191',
'29479',
'65644',
'44127',
'11591',
'41279',
'13617',
'35499',
'39289',
'19368',
'69098',
'59290',
'49407',
'50856',
'17373',
'40614',
'29843',
'51194',
'44533',
'20094',
'48015',
'17672',
'32969',
'66357',
'58610',
'19369',
'44955',
'47224',
'66371',
'12547',
'51437',
'46983',
'49726',
'58918',
'48022',
'14883',
'50436',
'58612',
'17477',
'32812',
'41004',
'51137',
'52045',
'41474',
'58910',
'15370',
'55817',
'45983',
'14997',
'45398',
'56601',
'46929',
'59065',
'25030',
'36848',
'65686',
'30164',
'15016',
'37937',
'20087',
'29694',
'18992',
'69105',
'51320',
'15022',
'17494',
'13873',
'51167',
'51091',
'46966',
'47979',
'37953',
'30036',
'33783',
'46900',
'32744',
'45799',
'51314',
'49729',
'51089',
'14982',
'51947',
'49409',
'46984',
'48893',
'56904',
'18551',
'51224',
'34070',
'19263',
'51321',
'58353',
'38891',
'46981',
'45904',
'51319',
'35500',
'45899',
'39278',
'48006',
'46542',
'49408',
'29588',
'67448',
'45969',
'56903',
'48384',
'66356',
'14057',
'47614',
'12121',
'51083',
'51353',
'33789',
'14992',
'58753',
'28947',
'66171',
'47969',
'32968',
'33950',
'14971',
'19307',
'58932',
'15003',
'25027',
'43377',
'58940',
'44065',
'46923',
'33904',
'58926',
'37484',
'46430',
'33773',
'31913',
'56902',
'35711',
'51354',
'45664',
'48333',
'45914',
'46916',
'14214',
'47187',
'38893',
'44490',
'17121',
'48389',
'14988',
'46980',
'58944',
'47814',
'17391',
'38339',
'41006',
'67756',
'47947',
'51132',
'51787',
'38715',
'52013',
'29660',
'46950',
'32763',
'44958',
'35367',
'59070',
'69881',
'48344',
'51133',
'14991',
'29851',
'19366',
'51090',
'51355',
'51445',
'32172',
'30102',
'33404',
'29597',
'49390',
'66270',
'44701',
'50473',
'68399',
'68395',
'25029',
'57634',
'43412',
'11726',
'45030',
'29797',
'29844',
'51351',
'56357',
'11507',
'44394',
'11499',
'43892',
'33127',
'58852',
'58850',
'29286',
'49727',
'33890',
'39004',
'41678',
'50380',
'29840',
'7695',
'37320',
'57675',
'47980',
'49405',
'65863',
'33760',
'57676',
'29594',
'48264',
'51135',
'29815',
'59285',
'49728',
'57454',
'29520',
'58978',
'56354',
'47112',
'19306',
'14667',
'51679',
'52041',
'57633',
'43754',
'40801',
'44489',
'34071',
'58924',
'59340',
'51777',
'44257',
'42868',
'46102',
'42912',
'50432',
'51189',
'56359',
'46915',
'48339',
'66261',
'48340',
'48341',
'59266',
'51078',
'19300',
'46879',
'8226',
'29863',
'51776',
'33012',
'46973',
'48331',
'40194',
'15914',
'67753',
'29523',
'48346',
'51766',
'40613',
'51779',
'65752',
'44961',
'59295',
'45878',
'35411',
'51676',
'51681',
'45689',
'51778',
'32643',
'58905',
'43797',
'37943',
'37115',
'37951',
'29842',
'11465',
'29580',
'59044',
'67891',
'29091',
'47431',
'37012',
'41003',
'46917',
'48116',
'50477',
'46798',
'46101',
'32017',
'58958',
'59668',
'38215',
'39282',
'48454',
'47719',
'11464',
'12071',
'67881',
'47227',
'33777',
'48645',
'32443',
'7588',
'39284',
'50407',
'48338',
'47993',
'51130',
'29477',
'67466',
'67882',
'48325',
'58916',
'51310',
'37947',
'32973',
'45576',
'48007',
'12122',
'43378',
'38533',
'11934',
'19984',
'18774',
'23903',
'32455',
'42544',
'18473',
'18314',
'22252',
'18811',
'44200',
'43406',
'41261',
'46239',
'19815',
'15109',
'27319',
'7885',
'23951',
'41116',
'8025',
'20565',
'18995',
'15330',
'20424',
'56792',
'18851',
'32237',
'46250',
'20586',
'20067',
'18755',
'20428',
'47121',
'19864',
'18585',
'50809',
'35683',
'42122',
'4777',
'18250',
'18477',
'44019',
'18436',
'8084',
'65881',
'38152',
'18563',
'19934',
'15150',
'19941',
'34276',
'30284',
'23563',
'18158',
'55163',
'18658',
'37560',
'67601',
'22565',
'11925',
'32651',
'7792',
'23024',
'35353',
'24655',
'14805',
'15415',
'18212',
'42970',
'12342',
'22128',
'24667',
'8129',
'22699',
'48672',
'42559',
'18636',
'19713',
'19981',
'19945',
'16954',
'21315',
'11798',
'20430',
'19847',
'22609',
'39567',
'23868',
'8835',
'24410',
'8103',
'36721',
'69794',
'66942',
'32060',
'18839',
'13419',
'18840',
'36191',
'42896',
'19785',
'22120',
'36087',
'18580',
'18726',
'18621',
'50862',
'12145',
'19955',
'24786',
'38856',
'7882',
'3192',
'18569',
'18443',
'19647',
'38848',
'31162',
'39257',
'16285',
'40620',
'19805',
'15607',
'21782',
'18202',
'19990',
'24014',
'19726',
'22320',
'22044',
'31480',
'30220',
'15484',
'20488',
'57155',
'20069',
'18823',
'39465',
'18112',
'7905',
'18485',
'38093',
'22080',
'39134',
'19944',
'45912',
'19767',
'19871',
'11827',
'35455',
'15212',
'24349',
'20393',
'21728',
'6023',
'18272',
'18773',
'18498',
'37771',
'41877',
'18771',
'27959',
'45645',
'19655',
'18307',
'18530',
'40964',
'20449',
'46404',
'40395',
'42545',
'34476',
'18904',
'35193',
'38708',
'38739',
'15245',
'18799',
'15486',
'19935',
'11907',
'15400',
'15604',
'20411',
'22862',
'8032',
'15282',
'21952',
'35267',
'11788',
'15465',
'23794',
'41481',
'20526',
'24226',
'36093',
'21839',
'18171',
'15559',
'46813',
'39118',
'18246',
'43743',
'20074',
'21846',
'70589',
'48923',
'15597',
'24538',
'15367',
'43190',
'56003',
'15656',
'24707',
'38855',
'29581',
'6634',
'39708',
'18432',
'18728',
'24768',
'35187',
'42554',
'18945',
'18676',
'59343',
'37617',
'38697',
'22974',
'18366',
'15647',
'18560',
'32805',
'11501',
'20066',
'15062',
'15177',
'21780',
'24852',
'12782',
'22075',
'18433',
'42405',
'20367',
'15156',
'23653',
'15583',
'15110',
'11844',
'47315',
'23727',
'65783',
'18789',
'7993',
'2904',
'40552',
'20053',
'37041',
'15098',
'18943',
'23634',
'22883',
'22561',
'49595',
'47461',
'15637',
'24891',
'15612',
'15460',
'33321',
'19772',
'45498',
'31151',
'45646',
'67356',
'18573',
'58110',
'67400',
'31014',
'16264',
'21889',
'19842',
'19396',
'40850',
'11875',
'24682',
'41465',
'5294',
'8030',
'43961',
'18988',
'38946',
'4161',
'15398',
'18405',
'15572',
'18163',
'19697',
'8039',
'18161',
'40403',
'21360',
'17470',
'30910',
'20582',
'48026',
'29856',
'23961',
'18078',
'22146',
'54934',
'7967',
'16256',
'11293',
'21275',
'8302',
'18780',
'16973',
'11842',
'37368',
'7856',
'38614',
'38556',
'23606',
'36705',
'21304',
'19943',
'20436',
'33715',
'19997',
'18898',
'8290',
'67491',
'15397',
'18264',
'39486',
'19854',
'20464',
'48989',
'42819',
'18271',
'18759',
'24808',
'18736',
'15590',
'4410',
'8814',
'57898',
'15833',
'14816',
'41541',
'41577',
'15294',
'18532',
'7854',
'15679',
'22900',
'15078',
'15506',
'18836',
'22948',
'21802',
'18775',
'18944',
'19835',
'7969',
'24353',
'5278',
'18879',
'18417',
'18284',
'18967',
'36816',
'19008',
'42693',
'15306',
'21574',
'21910',
'6999',
'23905',
'21374',
'42829',
'7862',
'40392',
'18327',
'40144',
'31022',
'15151',
'15340',
'26034',
'24053',
'68969',
'19753',
'8819',
'37327',
'42895',
'47126',
'3422',
'46896',
'18922',
'20405',
'5926',
'19617',
'39724',
'18956',
'8186',
'47327',
'22216',
'8090',
'15522',
'38593',
'23709',
'8144',
'66718',
'35256',
'7799',
'18693',
'24701',
'8818',
'23527',
'66723',
'15341',
'29481',
'20487',
'58584',
'36724',
'20050',
'23061',
'16962',
'22821',
'20455',
'11783',
'23834',
'47557',
'18652',
'34438',
'38560',
'34995',
'19691',
'15489',
'42553',
'21713',
'37699',
'7987',
'34398',
'46313',
'20425',
'34062',
'18983',
'4779',
'31163',
'20044',
'13260',
'18216',
'42532',
'24394',
'15705',
'40147',
'24543',
'18266',
'59158',
'15279',
'23136',
'21837',
'18259',
'41646',
'19952',
'20475',
'23912',
'23949',
'20395',
'11868',
'22819',
'30973',
'31048',
'18188',
'34159',
'36762',
'24914',
'18198',
'15238',
'46316',
'46995',
'41644',
'24020',
'19913',
'19757',
'8131',
'19614',
'68027',
'15467',
'22667',
'23621',
'24637',
'42406',
'24736',
'34283',
'18601',
'12344',
'15412',
'20505',
'23740',
'41484',
'32456',
'2021',
'19880',
'23623',
'19367',
'15345',
'23037',
'22052',
'35977',
'21722',
'18900',
'48836',
'18187',
'18493',
'15155',
'41715',
'18930',
'44385',
'41502',
'18513',
'18916',
'22023',
'8036',
'47603',
'42692',
'29604',
'4626',
'30832',
'15259',
'19672',
'40197',
'19750',
'19734',
'40013',
'18243',
'43639',
'20442',
'41546',
'39489',
'36211',
'15530',
'16977',
'18466',
'23031',
'37701',
'22188',
'15066',
'39323',
'67247',
'25415',
'56487',
'5671',
'18946',
'15550',
'18561',
'19885',
'41935',
'16466',
'18501',
'11836',
'39497',
'7965',
'19987',
'20473',
'19731',
'15363',
'35421',
'18121',
'18862',
'15665',
'57635',
'31117',
'19804',
'36089',
'39077',
'15372',
'15195',
'23849',
'19921',
'23522',
'19644',
'22901',
'40407',
'40143',
'34939',
'15217',
'22614',
'41545',
'20441',
'19951',
'18380',
'4307',
'22353',
'18325',
'23814',
'45438',
'8086',
'45788',
'20301',
'40002',
'24551',
'15573',
'21868',
'34175',
'18351',
'18185',
'37578',
'47450',
'11339',
'8111',
'15173',
'18955',
'18875',
'21738',
'41158',
'11713',
'7990',
'39816',
'15174',
'18881',
'19869',
'38926',
'22960',
'15611',
'45205',
'43942',
'19006',
'11393',
'43408',
'8672',
'24037',
'48240',
'15300',
'7791',
'41148',
'19623',
'21295',
'18748',
'44219',
'18912',
'11775',
'11716',
'18856',
'18382',
'41146',
'19707',
'43332',
'18891',
'22057',
'22330',
'44687',
'19759',
'41579',
'12673',
'19886',
'29361',
'46626',
'48908',
'31929',
'11899',
'29111',
'67777',
'58562',
'18174',
'8088',
'18855',
'24183',
'41750',
'39093',
'67397',
'39056',
'4995',
'20432',
'30158',
'58051',
'19689',
'15696',
'36597',
'41506',
'22215',
'21681',
'24724',
'38704',
'7833',
'70585',
'15199',
'18419',
'11811',
'6162',
'19016',
'15624',
'15076',
'20051',
'47720',
'24485',
'15453',
'40737',
'23833',
'18471',
'35053',
'15507',
'11851',
'18455',
'21286',
'15176',
'19651',
'15556',
'30253',
'7996',
'15329',
'11731',
'7870',
'66046',
'18520',
'15535',
'21958',
'35607',
'39587',
'31803',
'40547',
'40385',
'7984',
'15131',
'15114',
'18630',
'43916',
'40426',
'34400',
'15610',
'18021',
'15224',
'15357',
'15163',
'45947',
'37579',
'40232',
'35682',
'40701',
'23102',
'18665',
'22783',
'30977',
'8732',
'41479',
'23624',
'8808',
'15371',
'21878',
'36885',
'23819',
'38817',
'13176',
'46408',
'33870',
'24932',
'40236',
'23715',
'23805',
'67354',
'18884',
'20615',
'38112',
'58647',
'19807',
'67530',
'8072',
'20508',
'32658',
'8042',
'39466',
'39290',
'11862',
'19680',
'11817',
'3003',
'67958',
'22269',
'18120',
'18571',
'18972',
'18962',
'45211',
'67615',
'7883',
'36082',
'15117',
'11808',
'42817',
'22738',
'19820',
'43544',
'18570',
'30239',
'15698',
'38487',
'23132',
'67959',
'46272',
'13461',
'20501',
'19787',
'20448',
'58842',
'24536',
'41753',
'15175',
'51612',
'11510',
'15603',
'15054',
'20628',
'57061',
'58582',
'15518',
'18539',
'18606',
'36889',
'24875',
'40189',
'18714',
'15618',
'15570',
'34437',
'8141',
'15275',
'15052',
'48386',
'24122',
'20027',
'20409',
'22871',
'20092',
'19658',
'21606',
'7868',
'23630',
'47378',
'21359',
'34468',
'19991',
'21776',
'29846',
'31035',
'18181',
'23932',
'19906',
'17783',
'30172',
'11856',
'15205',
'18281',
'18583',
'23839',
'18751',
'39645',
'7886',
'19980',
'57975',
'41426',
'15272',
'18346',
'41819',
'57158',
'18172',
'47025',
'20028',
'45858',
'19878',
'18586',
'18576',
'14804',
'11845',
'37766',
'15138',
'7800',
'22659',
'20383',
'36006',
'19859',
'46270',
'8053',
'19017',
'37698',
'15508',
'40842',
'18125',
'69492',
'23684',
'35452',
'18688',
'20372',
'18312',
'18449',
'15200',
'15099',
'38181',
'34839',
'20047',
'7991',
'40969',
'18368',
'11913',
'56866',
'42330',
'16958',
'19826',
'54638',
'11887',
'35425',
'20593',
'21189',
'45782',
'20075',
'3000',
'21940',
'15197',
'33787',
'22662',
'43744',
'8615',
'18255',
'24401',
'39051',
'24343',
'15667',
'39205',
'18635',
'57983',
'8058',
'7113',
'8124',
'35593',
'21759',
'19770',
'8056',
'7977',
'59411',
'30707',
'40388',
'21797',
'18223',
'18497',
'39999',
'30952',
'37121',
'15328',
'19893',
'41713',
'22857',
'21456',
'15587',
'25252',
'2483',
'3367',
'15544',
'17102',
'18633',
'47991',
'20630',
'22367',
'20610',
'31114',
'11948',
'22998',
'39752',
'23934',
'19627',
'30159',
'45439',
'36269',
'46427',
'68464',
'58300',
'34094',
'44188',
'16259',
'20045',
'21781',
'45298',
'57391',
'45297',
'21871',
'31821',
'18964',
'39087',
'59347',
'48036',
'33924',
'18152',
'31147',
'49185',
'15249',
'22758',
'19917',
'18727',
'41648',
'15553',
'8263',
'18300',
'23992',
'23018',
'21667',
'15526',
'24044',
'19698',
'15094',
'1750',
'15674',
'18463',
'18503',
'22030',
'18329',
'41841',
'18458',
'15285',
'23954',
'36088',
'19853',
'19634',
'18889',
'24735',
'18564',
'23807',
'17043',
'8694',
'7879',
'19761',
'40537',
'10251',
'20634',
'20451',
'41114',
'48694',
'31822',
'11895',
'15310',
'18834',
'21274',
'18871',
'50356',
'15436',
'59375',
'22362',
'47610',
'20638',
'18925',
'11797',
'34848',
'15519',
'15477',
'15516',
'38752',
'26056',
'24013',
'22742',
'15108',
'31042',
'19683',
'48787',
'15227',
'11820',
'18394',
'16336',
'44589',
'47326',
'18577',
'7067',
'45769',
'15482',
'15056',
'15933',
'20583',
'15085',
'7915',
'12142',
'15490',
'3023',
'20049',
'4945',
'20627',
'24125',
'20418',
'24450',
'18254',
'15086',
'23706',
'15032',
'49465',
'24623',
'23672',
'33949',
'18919',
'21096',
'35453',
'42816',
'21795',
'38531',
'21680',
'68043',
'59109',
'18841',
'37494',
'22415',
'20242',
'7834',
'19873',
'20525',
'41464',
'20560',
'23871',
'20573',
'30201',
'15476',
'36448',
'23627',
'38781',
'15132',
'18713',
'18911',
'8142',
'32880',
'21737',
'18278',
'46968',
'18957',
'15246',
'12692',
'7926',
'8544',
'33784',
'58145',
'19888',
'59372',
'22341',
'12069',
'8029',
'31443',
'5283',
'18978',
'15309',
'8055',
'8105',
'15187',
'21513',
'18865',
'30221',
'35207',
'23655',
'20387',
'30223',
'43944',
'15525',
'24312',
'18386',
'41023',
'39095',
'47220',
'44189',
'8080',
'24620',
'6322',
'34207',
'18162',
'18095',
'15551',
'19802',
'40276',
'31019',
'44211',
'31031',
'21677',
'19928',
'34648',
'21903',
'21625',
'22918',
'40536',
'21659',
'3944',
'15513',
'24106',
'13327',
'65665',
'35208',
'18838',
'43716',
'15558',
'18843',
'7095',
'20394',
'18692',
'44268',
'15125',
'17628',
'8851',
'40071',
'6089',
'15646',
'20599',
'50799',
'23098',
'15424',
'15392',
'11805',
'46993',
'20530',
'41156',
'38676',
'37581',
'18137',
'18734',
'44639',
'15152',
'15158',
'19978',
'30297',
'23567',
'15170',
'65666',
'44888',
'21857',
'22512',
'20542',
'22559',
'4766',
'22540',
'24712',
'4070',
'31908',
'18286',
'20059',
'20076',
'38669',
'8809',
'19850',
'18439',
'21964',
'23787',
'19161',
'22372',
'66391',
'8713',
'19765',
'18927',
'19948',
'19801',
'32695',
'18637',
'19621',
'18958',
'18377',
'18167',
'35352',
'18650',
'18691',
'42804',
'69837',
'11916',
'56041',
'31015',
'7863',
'41752',
'33666',
'8717',
'49542',
'40084',
'18830',
'13054',
'19996',
'35456',
'15366',
'8010',
'43013',
'19968',
'15629',
'5252',
'20022',
'5808',
'23402',
'8013',
'18553',
'19884',
'37959',
'8576',
'18420',
'4982',
'11837',
'16979',
'66056',
'11886',
'18788',
'36406',
'15409',
'15584',
'7002',
'18491',
'1796',
'15111',
'36756',
'35277',
'18669',
'24409',
'42569',
'68692',
'20566',
'57458',
'15687',
'18568',
'8137',
'19742',
'21719',
'18809',
'68991',
'24949',
'24544',
'23574',
'35221',
'18270',
'529200',
'47206',
'22692',
'44022',
'22980',
'18998',
'3672',
'22657',
'24555',
'17109',
'18228',
'47456',
'19905',
'24800',
'42952',
'40386',
'57622',
'70583',
'18559',
'20457',
'39460',
'56000',
'24729',
'42897',
'37961',
'15704',
'19157',
'33926',
'20559',
'20537',
'43189',
'22412',
'18572',
'19715',
'11849',
'15291',
'22560',
'20584',
'59493',
'69005',
'35186',
'19714',
'45114',
'44405',
'45203',
'19816',
'38675',
'66048',
'15361',
'19656',
'23667',
'18804',
'34063',
'18711',
'34937',
'18612',
'41457',
'56830',
'18516',
'44588',
'24238',
'18643',
'20403',
'43309',
'18416',
'20490',
'7808',
'23980',
'38596',
'19949',
'44893',
'20392',
'15532',
'24082',
'7923',
'18159',
'43831',
'48651',
'18645',
'20637',
'19744',
'36227',
'15368',
'18782',
'18827',
'68690',
'45213',
'37156',
'42561',
'15548',
'20515',
'15429',
'15617',
'15204',
'67395',
'39945',
'21679',
'18923',
'67357',
'30176',
'18712',
'21586',
'15352',
'43921',
'22598',
'15660',
'4456',
'20362',
'46789',
'21568',
'24531',
'31100',
'33637',
'42709',
'4710',
'7906',
'22553',
'20533',
'35014',
'23559',
'59704',
'9571',
'19774',
'8037',
'18441',
'58640',
'44891',
'15586',
'24573',
'15369',
'18681',
'15434',
'30175',
'23027',
'18533',
'15146',
'40325',
'41754',
'15203',
'19712',
'21694',
'22647',
'15323',
'59498',
'19916',
'66059',
'58646',
'24429',
'21670',
'39996',
'18140',
'36978',
'38213',
'24031',
'21494',
'20112',
'15065',
'34174',
'5709',
'18667',
'40231',
'15481',
'19630',
'36410',
'6035',
'18792',
'18492',
'41260',
'21355',
'21593',
'8078',
'41461',
'40086',
'15393',
'43240',
'19808',
'20609',
'38535',
'23083',
'19969',
'20622',
'18975',
'18332',
'18104',
'33081',
'39090',
'30103',
'21281',
'20600',
'18670',
'41298',
'34061',
'20099',
'66424',
'45502',
'23122',
'47128',
'18595',
'38060',
'8637',
'22245',
'18722',
'39733',
'3187',
'24835',
'39731',
'7918',
'23869',
'18170',
'19909',
'18550',
'57985',
'40234',
'15296',
'24631',
'22928',
'15512',
'20079',
'45784',
'38970',
'31550',
'22010',
'15473',
'15201',
'15661',
'66745',
'18221',
'38114',
'18764',
'3733',
'45648',
'7790',
'18626',
'3500',
'41316',
'23613',
'58121',
'42061',
'15582',
'23619',
'36449',
'20078',
'21093',
'5599',
'20413',
'18777',
'42677',
'47705',
'20401',
'8209',
'58636',
'69194',
'15251',
'38549',
'15135',
'1670',
'67264',
'18832',
'15144',
'18979',
'30157',
'19958',
'19799',
'18146',
'19792',
'24026',
'22679',
'15293',
'12745',
'18985',
'21909',
'46185',
'20450',
'18662',
'38538',
'48476',
'56039',
'20008',
'19982',
'21369',
'35052',
'24863',
'11906',
'15377',
'22573',
'30711',
'12196',
'24383',
'18709',
'55989',
'18355',
'37486',
'8579',
'8253',
'8692',
'45302',
'34046',
'19870',
'39975',
'15691',
'39644',
'15287',
'19243',
'42537',
'39571',
'37864',
'26526',
'19929',
'20639',
'8081',
'8331',
'20389',
'15474',
'2455',
'20485',
'18235',
'42631',
'65763',
'15695',
'24832',
'22951',
'23595',
'46914',
'3794',
'19781',
'57896',
'39293',
'15541',
'33383',
'30417',
'8057',
'24146',
'42821',
'5618',
'37587',
'42711',
'18199',
'20532',
'42893',
'15441',
'7880',
'18418',
'15388',
'24455',
'25065',
'45663',
'22444',
'57132',
'58882',
'8009',
'8266',
'45347',
'15613',
'40235',
'2551',
'20221',
'22619',
'4446',
'11828',
'19858',
'39086',
'19852',
'38376',
'18765',
'37493',
'18457',
'11872',
'18410',
'20439',
'31098',
'15439',
'3452',
'22511',
'12215',
'11796',
'43759',
'68031',
'22806',
'4195',
'30962',
'57450',
'40707',
'34000',
'17516',
'18292',
'22390',
'20577',
'18321',
'18176',
'24931',
'40730',
'35243',
'15121',
'56089',
'22533',
'23645',
'22954',
'18205',
'15210',
'46286',
'22797',
'42541',
'18859',
'36185',
'20013',
'11435',
'15401',
'18184',
'18619',
'18716',
'18214',
'19783',
'22683',
'23974',
'24763',
'18291',
'20549',
'67795',
'21628',
'18896',
'44017',
'23957',
'23145',
'57614',
'20037',
'36657',
'19836',
'20554',
'18953',
'31154',
'58650',
'22933',
'29830',
'18960',
'45638',
'15627',
'20016',
'34996',
'20376',
'57369',
'22471',
'8806',
'41482',
'31686',
'20520',
'15376',
'20602',
'18618',
'40736',
'23847',
'39739',
'19583',
'7815',
'43421',
'18660',
'9623',
'30295',
'45459',
'18157',
'18719',
'5263',
'44318',
'18508',
'42818',
'57365',
'18604',
'42914',
'43113',
'39449',
'21030',
'47626',
'24910',
'39495',
'18115',
'6850',
'38225',
'11509',
'11894',
'18710',
'11866',
'35055',
'23636',
'19741',
'22623',
'30904',
'1628',
'48229',
'19825',
'19676',
'16470',
'21563',
'36409',
'19619',
'22217',
'32572',
'59348',
'18783',
'35257',
'7925',
'48712',
'15267',
'15073',
'22336',
'15689',
'26232',
'20550',
'56611',
'18786',
'55716',
'47029',
'57401',
'35269',
'59156',
'25196',
'21931',
'18269',
'46921',
'20420',
'15084',
'18584',
'40851',
'30317',
'40118',
'42054',
'15153',
'20516',
'8778',
'18294',
'40800',
'8296',
'20626',
'45487',
'18892',
'55663',
'18206',
'20017',
'19966',
'2097',
'23097',
'38844',
'15157',
'15547',
'39771',
'37850',
'15701',
'15349',
'7945',
'23789',
'31481',
'67355',
'18527',
'24744',
'24676',
'41582',
'6188',
'31901',
'45486',
'18934',
'19652',
'18531',
'19687',
'19637',
'19784',
'58579',
'23518',
'15113',
'15671',
'19947',
'41251',
'40866',
'31479',
'586091',
'57668',
'30567',
'15059',
'24956',
'5896',
'49697',
'7796',
'35594',
'15488',
'19862',
'65768',
'21362',
'18213',
'21666',
'15160',
'18328',
'8051',
'15563',
'21541',
'8143',
'31066',
'39047',
'32506',
'20071',
'21579',
'69190',
'20607',
'11924',
'46867',
'18557',
'41399',
'30983',
'40471',
'39710',
'18136',
'24408',
'22441',
'22431',
'37700',
'44635',
'42493',
'18970',
'43318',
'22875',
'24595',
'38677',
'24904',
'21888',
'15178',
'39798',
'19648',
'48638',
'40125',
'30936',
'21682',
'19910',
'19904',
'20002',
'31089',
'18941',
'15614',
'22735',
'15620',
'65648',
'18932',
'43302',
'24435',
'58334',
'22034',
'47470',
'24141',
'42925',
'48403',
'7878',
'22118',
'41675',
'11920',
'29946',
'22943',
'7859',
'38304',
'7527',
'18673',
'24397',
'19624',
'12074',
'24376',
'19857',
'35858',
'45631',
'22182',
'22701',
'46206',
'15164',
'19911',
'5867',
'58651',
'45918',
'20041',
'59500',
'59552',
'59703',
'15374',
'15334',
'19766',
'22384',
'8813',
'39574',
'8956',
'1831',
'3932',
'19797',
'15148',
'15382',
'6110',
'38523',
'66049',
'18279',
'3486',
'21573',
'30896',
'18430',
'24890',
'24909',
'18632',
'24930',
'18690',
'24723',
'18866',
'49492',
'8045',
'40246',
'12305',
'40619',
'41801',
'58360',
'37471',
'32232',
'59481',
'24471',
'18523',
'35718',
'36888',
'21933',
'43301',
'32587',
'11809',
'18951',
'46996',
'38374',
'15088',
'42243',
'21675',
'7982',
'18885',
'15630',
'59365',
'11840',
'19846',
'24113',
'59532',
'20495',
'15222',
'43657',
'11880',
'24357',
'15450',
'15270',
'18413',
'19674',
'33925',
'19894',
'43556',
'22536',
'22956',
'19638',
'18390',
'18364',
'15225',
'59367',
'20375',
'22847',
'24784',
'47471',
'56031',
'18362',
'15122',
'18874',
'15305',
'22834',
'18562',
'20580',
'15095',
'51613',
'15567',
'15517',
'20616',
'15684',
'34291',
'20445',
'8735',
'36760',
'67105',
'68703',
'42965',
'35598',
'48465',
'40840',
'44915',
'24602',
'18864',
'34498',
'39997',
'7909',
'22915',
'18472',
'21987',
'15080',
'20483',
'15457',
'8066',
'14688',
'51626',
'18257',
'18549',
'6172',
'56278',
'15766',
'22280',
'20588',
'22259',
'18385',
'5845',
'7992',
'20437',
'18857',
'7826',
'18698',
'23938',
'11896',
'38091',
'11911',
'57420',
'15297',
'18993',
'30990',
'11812',
'15079',
'18754',
'15600',
'8277',
'19813',
'35205',
'17820',
'59200',
'15680',
'24268',
'24627',
'30906',
'46790',
'67591',
'3702',
'18744',
'20415',
'19684',
'6916',
'44535',
'18248',
'17795',
'66670',
'29835',
'65947',
'22982',
'41544',
'58912',
'57392',
'19776',
'20524',
'19754',
'39221',
'7874',
'55623',
'20048',
'7901',
'24000',
'39303',
'48939',
'8430',
'18197',
'18766',
'21569',
'19837',
'16145',
'18117',
'18522',
'59536',
'34636',
'20300',
'20042',
'19790',
'18460',
'43914',
'18762',
'39494',
'15252',
'15599',
'18869',
'22116',
'5326',
'612450',
'3474',
'37671',
'4485',
'19789',
'37746',
'47448',
'20422',
'15359',
'40799',
'45770',
'45649',
'15404',
'44889',
'33923',
'15362',
'15403',
'7972',
'15594',
'19828',
'15494',
'21526',
'59162',
'24760',
'42412',
'36720',
'15515',
'41396',
'8197',
'18894',
'44021',
'7835',
'8073',
'15314',
'30731',
'18431',
'44125',
'18954',
'19780',
'48940',
'24412',
'24295',
'5091',
'20414',
'42840',
'4676',
'37769',
'23747',
'3308',
'15566',
'37013',
'18537',
'24814',
'18123',
'18262',
'34290',
'20429',
'22221',
'18311',
'38224',
'20364',
'15290',
'67531',
'7994',
'46200',
'23180',
'46863',
'15289',
'18973',
'22011',
'23969',
'21596',
'19629',
'31140',
'7814',
'5486',
'42200',
'19711',
'30806',
'46793',
'40198',
'19907',
'24546',
'22600',
'18907',
'18817',
'23857',
'31055',
'19673',
'38746',
'11830',
'21629',
'33635',
'59112',
'22197',
'18965',
'19724',
'50281',
'23674',
'48828',
'21609',
'18397',
'15635',
'22257',
'32173',
'8293',
'38707',
'23652',
'59186',
'20512',
'31056',
'20065',
'42710',
'20023',
'42560',
'46628',
'57351',
'18768',
'7353',
'24864',
'20461',
'19855',
'15179',
'39079',
'15384',
'56592',
'42492',
'31146',
'49435',
'18678',
'20456',
'34953',
'21270',
'34339',
'15269',
'23094',
'35245',
'19056',
'69396',
'15626',
'11936',
'46318',
'21887',
'21564',
'20020',
'15577',
'66051',
'42534',
'20036',
'47453',
'18819',
'8275',
'40809',
'57069',
'20466',
'22635',
'58844',
'15182',
'15166',
'21347',
'48901',
'15391',
'19819',
'11819',
'30268',
'20470',
'35215',
'24131',
'45434',
'57670',
'45482',
'39729',
'20382',
'19865',
'24286',
'22973',
'23537',
'18861',
'48400',
'18666',
'18189',
'8077',
'17108',
'22632',
'43409',
'41714',
'19872',
'41576',
'13567',
'15536',
'15241',
'35154',
'36208',
'18546',
'47109',
'39493',
'5290',
'23953',
'18704',
'18144',
'39223',
'57404',
'8145',
'66047',
'69387',
'11502',
'23577',
'22865',
'23886',
'18133',
'16429',
'8521',
'38742',
'22798',
'23797',
'24738',
'18654',
'35729',
'11725',
'8401',
'18352',
'24583',
'18720',
'18349',
'40735',
'35810',
'21194',
'24182',
'46409',
'11861',
'15592',
'67265',
'37173',
'58846',
'18579',
'16952',
'18393',
'20427',
'20504',
'32231',
'20510',
'22995',
'19818',
'18915',
'65802',
'21646',
'19925',
'20469',
'21539',
'56287',
'24069',
'48373',
'20400',
'19806',
'39455',
'15237',
'23940',
'43764',
'56425',
'65888',
'32450',
'11909',
'39463',
'20039',
'15394',
'22256',
'20612',
'18996',
'18168',
'15101',
'18313',
'21791',
'18062',
'22339',
'59516',
'66658',
'40014',
'20667',
'39742',
'24773',
'4610',
'19013',
'18689',
'69074',
'15327',
'4738',
'11933',
'19901',
'36393',
'15683',
'38943',
'8067',
'30972',
'22154',
'20579',
'51583',
'35894',
'13432',
'15208',
'46865',
'8312',
'18756',
'39732',
'22930',
'20507',
'48574',
'21683',
'19972',
'22317',
'18226',
'40623',
'23116',
'21774',
'24157',
'40841',
'23064',
'21301',
'40617',
'45437',
'59720',
'40540',
'6876',
'45058',
'22780',
'40551',
'3534',
'19716',
'58551',
'23861',
'35642',
'19927',
'46199',
'22369',
'18265',
'43572',
'46479',
'65790',
'67091',
'47096',
'41670',
'7865',
'21389',
'24432',
'34292',
'47172',
'18359',
'35802',
'15263',
'20452',
'18917',
'7044',
'15351',
'15244',
'18853',
'58298',
'4874',
'41674',
'18648',
'57988',
'22872',
'35451',
'44914',
'18434',
'20379',
'15051',
'13003',
'12119',
'32657',
'20010',
'15071',
'18829',
'11903',
'20601',
'18404',
'15509',
'8071',
'18929',
'34288',
'18624',
'4849',
'11865',
'20385',
'18936',
'19641',
'15053',
'20317',
'30229',
'15633',
'24259',
'22398',
'18083',
'15147',
'8075',
'18706',
'18778',
'22830',
'24267',
'29836',
'11873',
'8824',
'48105',
'19838',
'38949',
'8070',
'11889',
'21552',
'65781',
'15443',
'8545',
'20004',
'23006',
'14930',
'19971',
'41507',
'18631',
'40428',
'22022',
'19722',
'24354',
'8827',
'30225',
'19472',
'24709',
'20058',
'24858',
'48832',
'57175',
'15184',
'45066',
'15193',
'19973',
'41543',
'5197',
'2761',
'22870',
'49278',
'59482',
'32569',
'38062',
'20621',
'3425',
'18763',
'20513',
'11776',
'15207',
'15561',
'42491',
'20359',
'51426',
'42044',
'18906',
'7942',
'58880',
'20571',
'24806',
'22166',
'40708',
'47030',
'22220',
'18470',
'23641',
'8060',
'39837',
'41324',
'24703',
'56517',
'34343',
'44400',
'12138',
'23103',
'7805',
'18209',
'67783',
'18275',
'15198',
'65949',
'45771',
'32674',
'18592',
'18772',
'18684',
'23058',
'46260',
'15688',
'18555',
'48001',
'31910',
'48524',
'6544',
'21818',
'20611',
'21881',
'8041',
'18990',
'36598',
'23889',
'21875',
'24924',
'20578',
'18153',
'18767',
'19004',
'34799',
'11921',
'44278',
'24527',
'42839',
'47324',
'30271',
'24415',
'18261',
'41666',
'38821',
'15565',
'37616',
'7974',
'8867',
'22787',
'18971',
'46627',
'35325',
'20502',
'21941',
'21595',
'49305',
'11870',
'44928',
'23023',
'42543',
'7966',
'18412',
'24306',
'23612',
'18686',
'15669',
'9426',
'21842',
'31091',
'31008',
'19685',
'67739',
'22584',
'7875',
'24155',
'20536',
'20553',
'23576',
'18877',
'18510',
'59356',
'18791',
'19891',
'15115',
'43375',
'66721',
'20421',
'19005',
'49484',
'34935',
'36027',
'17030',
'18695',
'33716',
'19800',
'18512',
'39995',
'20460',
'22006',
'16525',
'42684',
'43244',
'29850',
'4638',
'16283',
'18396',
'24582',
'65769',
'59413',
'15322',
'22740',
'39565',
'40702',
'29116',
'18400',
'67821',
'30210',
'39765',
'24424',
'21824',
'18802',
'24592',
'18887',
'7916',
'67948',
'38273',
'42624',
'19721',
'22741',
'41250',
'33074',
'57944',
'15440',
'22781',
'21821',
'36215',
'8089',
'18598',
'37127',
'5850',
'18745',
'31030',
'18942',
'39119',
'15540',
'19866',
'7983',
'11892',
'18376',
'41323',
'37594',
'20557',
'59163',
'23591',
'18289',
'22133',
'22617',
'43297',
'15462',
'11587',
'57452',
'37747',
'15534',
'44894',
'20484',
'18708',
'18664',
'18506',
'15408',
'43296',
'18282',
'57124',
'18211',
'18991',
'18909',
'31027',
'24572',
'37184',
'15236',
'15502',
'28831',
'17024',
'36883',
'45299',
'22249',
'43294',
'15395',
'22588',
'18502',
'3484',
'46332',
'8345',
'22571',
'47455',
'18668',
'18847',
'18154',
'15427',
'39203',
'18903',
'22138',
'19814',
'20029',
'18578',
'4693',
'18268',
'18345',
'8079',
'22829',
'11730',
'18293',
'2960',
'23767',
'57893',
'22727',
'18504',
'38268',
'19727',
'20509',
'24626',
'21957',
'15642',
'35289',
'22229',
'37860',
'40262',
'46184',
'59110',
'21307',
'19622',
'41476',
'20503',
'39705',
'18318',
'11803',
'42691',
'19695',
'41751',
'18388',
'18815',
'24101',
'20640',
'24428',
'36231',
'42556',
'18831',
'22919',
'32123',
'23005',
'18341',
'31126',
'21761',
'23087',
'5738',
'37618',
'3619',
'22272',
'18590',
'44686',
'23813',
'19009',
'45500',
'39492',
'8278',
'18203',
'48904',
'41483',
'11802',
'16606',
'18818',
'6069',
'18825',
'18873',
'20043',
'15209',
'46794',
'23104',
'18177',
'15064',
'19821',
'20444',
'32655',
'15533',
'39067',
'24517',
'24647',
'7079',
'21607',
'11912',
'15102',
'5746',
'19650',
'22407',
'21786',
'39738',
'65786',
'20077',
'18426',
'31090',
'49042',
'19961',
'46110',
'40821',
'30232',
'8139',
'67223',
'24341',
'24954',
'37014',
'43167',
'11823',
'22628',
'16608',
'18596',
'46410',
'8044',
'17325',
'22066',
'23140',
'18647',
'67311',
'18739',
'38150',
'20398',
'23587',
'15463',
'8772',
'22828',
'58883',
'18375',
'22491',
'3331',
'15651',
'7944',
'22881',
'18353',
'44254',
'7979',
'18421',
'43191',
'21560',
'20546',
'34470',
'41589',
'66444',
'22652',
'15353',
'48474',
'20361',
'18260',
'45458',
'15413',
'8664',
'38852',
'49018',
'18794',
'50579',
'58411',
'15497',
'4327',
'24439',
'19729',
'18685',
'18374',
'7787',
'24717',
'42676',
'20629',
'31918',
'40384',
'35599',
'30902',
'19640',
'18634',
'20636',
'18494',
'40181',
'45305',
'23111',
'20465',
'59494',
'4993',
'22085',
'15185',
'36133',
'15416',
'23029',
'20592',
'11932',
'32873',
'19664',
'20531',
'23519',
'41395',
'22460',
'18868',
'39572',
'15483',
'34047',
'15181',
'33929',
'20402',
'49095',
'41677',
'23748',
'2182',
'39501',
'48819',
'20538',
'4280',
'19362',
'22562',
'59144',
'24779',
'20416',
'20494',
'50785',
'26752',
'7828',
'46198',
'15697',
'21836',
'19841',
'24671',
'24830',
'57176',
'15448',
'47761',
'35616',
'11901',
'23369',
'18870',
'18757',
'19723',
'31801',
'35856',
'30194',
'21354',
'41638',
'37126',
'18415',
'44507',
'44384',
'23696',
'16505',
'47209',
'20591',
'18731',
'3107',
'8583',
'40367',
'23107',
'24962',
'15615',
'45801',
'15365',
'19895',
'19758',
'34311',
'15231',
'39727',
'2949',
'35702',
'11838',
'47723',
'41509',
'15468',
'24225',
'22503',
'38857',
'39132',
'44203',
'57632',
'7809',
'30162',
'18674',
'34341',
'40549',
'19938',
'22793',
'40391',
'21944',
'24479',
'22580',
'18483',
'23733',
'39092',
'35392',
'42555',
'5138',
'15428',
'45615',
'24834',
'15605',
'59521',
'7973',
'67593',
'15430',
'19992',
'49696',
'20481',
'15575',
'19639',
'18100',
'23081',
'11786',
'20521',
'15119',
'23085',
'8052',
'12113',
'19585',
'66045',
'15625',
'46251',
'13402',
'18844',
'2105',
'41256',
'43014',
'40703',
'15139',
'48629',
'58583',
'39456',
'15677',
'15299',
'2383',
'17822',
'15539',
'15221',
'39566',
'41007',
'44375',
'7552',
'18296',
'48057',
'22181',
'44386',
'24562',
'18696',
'21954',
'15456',
'39516',
'41818',
'18253',
'37563',
'41588',
'18340',
'20052',
'46317',
'36407',
'38530',
'48000',
'18194',
'18924',
'22850',
'23977',
'40072',
'21709',
'35724',
'10504',
'18760',
'5245',
'21913',
'20635',
'34293',
'69795',
'6722',
'20632',
'23525',
'15657',
'15491',
'37015',
'21594',
'40474',
'18283',
'8768',
'2099',
'38672',
'20003',
'23705',
'15107',
'15324',
'43374',
'42879',
'19786',
'18411',
'18758',
'7798',
'23089',
'2600',
'7855',
'19924',
'56214',
'15288',
'21768',
'44028',
'20564',
'39753',
'8590',
'5298',
'59374',
'19642',
'15503',
'30151',
'7793',
'58877',
'15159',
'19892',
'11424',
'8855',
'56029',
'18567',
'18316',
'57987',
'56281',
'2257',
'38318',
'18409',
'66269',
'18175',
'20408',
'43319',
'49501',
'67375',
'67529',
'19733',
'23330',
'18207',
'41113',
'24648',
'21617',
'15332',
'34379',
'23681',
'22807',
'11815',
'4578',
'40427',
'45354',
'39046',
'18603',
'33927',
'24158',
'18591',
'41503',
'49455',
'31749',
'3913',
'24557',
'37770',
'3676',
'30300',
'18135',
'48823',
'18928',
'18148',
'69505',
'65770',
'44439',
'11833',
'18505',
'36429',
'15106',
'12634',
'19793',
'6232',
'15658',
'33194',
'18242',
'45651',
'49479',
'18408',
'18149',
'42664',
'24802',
'8805',
'19653',
'18423',
'23286',
'18114',
'11824',
'33780',
'47098',
'30388',
'45293',
'56785',
'18521',
'7702',
'43418',
'20486',
'8816',
'41808',
'8991',
'4038',
'41667',
'19039',
'18544',
'4866',
'14665',
'19845',
'15058',
'43410',
'11821',
'15703',
'24407',
'35432',
'68739',
'44929',
'14723',
'35975',
'11940',
'16498',
'34360',
'18700',
'24362',
'33319',
'57620',
'47127',
'24262',
'11780',
'56473',
'19696',
'42272',
'7978',
'59270',
'32449',
'18835',
'20563',
'2824',
'18628',
'15421',
'56567',
'22762',
'11816',
'15500',
'67568',
'18723',
'42924',
'18703',
'18109',
'8046',
'67780',
'22518',
'47107',
'24149',
'19659',
'35276',
'24301',
'39943',
'45911',
'11926',
'18191',
'18482',
'15609',
'36131',
'67523',
'38714',
'15666',
'22999',
'23095',
'19777',
'5148',
'23615',
'19667',
'8321',
'6939',
'15257',
'46196',
'20447',
'30749',
'49394',
'23775',
'39089',
'18749',
'57436',
'7789',
'18127',
'47682',
'31902',
'24774',
'16965',
'46445',
'20624',
'30255',
'20030',
'18232',
'8839',
'15380',
'22191',
'18968',
'20529',
'39498',
'15659',
'68416',
'24939',
'11882',
'18391',
'18828',
'18339',
'21685',
'24895',
'18183',
'24764',
'15070',
'18450',
'21309',
'47763',
'20459',
'21658',
'4293',
'30946',
'58900',
'23118',
'44142',
'24659',
'18360',
'19615',
'44387',
'23043',
'47611',
'33681',
'22247',
'15524',
'21438',
'70260',
'40900',
'20619',
'7072',
'56613',
'29450',
'7529',
'20476',
'43859',
'21688',
'19867',
'18852',
'20072',
'15171',
'41458',
'15068',
'43330',
'6575',
'39124',
'16286',
'39726',
'32784',
'47724',
'57368',
'22842',
'35848',
'45657',
'21927',
'34792',
'7976',
'47218',
'36090',
'18464',
'11971',
'11931',
'4104',
'4715',
'19037',
'20407',
'3121',
'20572',
'18323',
'37968',
'11923',
'39059',
'54933',
'31757',
'14657',
'11908',
'18659',
'42467',
'15396',
'32234',
'40535',
'57134',
'23062',
'7797',
'36763',
'15191',
'19740',
'23724',
'41807',
'18487',
'43237',
'19111',
'39946',
'35926',
'19833',
'24801',
'19002',
'35142',
'24056',
'19395',
'48058',
'23785',
'19719',
'30732',
'22907',
'24613',
'21777',
'21591',
'18131',
'15700',
'15194',
'40865',
'48920',
'24192',
'49509',
'57943',
'59541',
'25199',
'20032',
'26679',
'46088',
'15239',
'20417',
'22473',
'20386',
'21614',
'29854',
'15268',
'21548',
'23824',
'18499',
'15189',
'65662',
'15406',
'21668',
'46862',
'15644',
'18969',
'15266',
'19975',
'41928',
'4671',
'21455',
'19843',
'24218',
'15485',
'8783',
'15449',
'56569',
'17112',
'20435',
'15528',
'59546',
'69553',
'30306',
'46197',
'20025',
'21496',
'19704',
'23843',
'7872',
'22122',
'56426',
'19887',
'15264',
'19015',
'7970',
'21687',
'21830',
'68042',
'46265',
'38561',
'15218',
'41153',
'66096',
'31790',
'39084',
'18322',
'18330',
'18495',
'4144',
'23414',
'7924',
'59351',
'8669',
'24603',
'3435',
'11942',
'18800',
'46414',
'48510',
'15422',
'30528',
'12970',
'11088',
'18315',
'24920',
'21928',
'56659',
'45636',
'31077',
'5804',
'18244',
'15143',
'44395',
'36192',
'34866',
'57157',
'48689',
'35847',
'57978',
'58564',
'7127',
'21294',
'8888',
'35249',
'18679',
'25932',
'8356',
'18317',
'7786',
'37582',
'22959',
'23127',
'7062',
'36080',
'22443',
'35260',
'19677',
'2117',
'26938',
'15580',
'15129',
'38151',
'18997',
'6794',
'22105',
'18220',
'38854',
'14721',
'15387',
'22576',
'7936',
'21372',
'618318',
'22345',
'19993',
'15228',
'18653',
'21291',
'35355',
'24405',
'22148',
'15471',
'22925',
'18525',
'18801',
'22364',
'15350',
'22684',
'47331',
'8708',
'23702',
'15564',
'39185',
'38127',
'18854',
'36881',
'24948',
'37561',
'67963',
'19889',
'59518',
'36064',
'37918',
'22589',
'39341',
'15579',
'19940',
'24881',
'56515',
'23086',
'35288',
'15258',
'16274',
'21855',
'19631',
'18918',
'11945',
'7831',
'22261',
'27518',
'15480',
'24468',
'67524',
'68751',
'46976',
'11935',
'68427',
'15495',
'6588',
'35206',
'19874',
'19736',
'19675',
'18507',
'39085',
'23080',
'18134',
'21848',
'15123',
'40548',
'38054',
'40901',
'15283',
'18438',
'35197',
'40475',
'18486',
'24457',
'24731',
'38369',
'19437',
'37916',
'18186',
'20035',
'45634',
'11396',
'44383',
'23856',
'58122',
'20598',
'15337',
'18160',
'18252',
'68753',
'18597',
'8259',
'7858',
'19682',
'18295',
'58042',
'24622',
'7251',
'43669',
